date,contest_number,n1,n2,n3,n4,n5,n6,jolly,super_star
2020-01-02,1,5,45,63,64,78,85,4,89
2020-01-04,2,23,30,37,44,57,80,26,56
2020-01-07,3,2,23,60,66,72,78,19,53
2020-01-09,4,5,14,54,55,66,78,52,45
2020-01-11,5,34,36,38,63,72,81,18,63
2020-01-14,6,1,6,9,32,68,85,79,62
2020-01-16,7,22,29,50,53,72,83,77,85
2020-01-18,8,26,28,32,50,79,87,1,72
2020-01-21,9,6,32,46,53,70,75,62,9
2020-01-23,10,15,20,23,69,72,81,87,79
2020-01-25,11,11,16,17,35,68,90,76,47
2020-01-28,12,16,21,33,50,57,89,52,26
2020-01-30,13,8,46,53,62,77,84,51,38
2020-02-01,14,22,25,45,46,48,88,24,56
2020-02-04,15,21,29,34,64,72,79,14,82
2020-02-06,16,3,20,29,49,65,82,31,70
2020-02-08,17,15,32,54,56,61,85,10,63
2020-02-11,18,16,24,45,68,72,81,20,2
2020-02-13,19,4,15,43,69,74,84,49,36
2020-02-15,20,13,26,40,55,65,86,9,48
2020-02-18,21,26,45,58,69,72,82,9,49
2020-02-20,22,20,36,55,69,80,85,58,3
2020-02-22,23,1,28,57,58,60,68,50,31
2020-02-25,24,10,15,23,54,73,74,63,26
2020-02-27,25,17,51,60,71,75,79,58,85
2020-02-29,26,9,35,44,50,73,78,85,6
2020-03-03,27,5,11,19,26,36,64,1,78
2020-03-05,28,13,40,48,67,69,85,65,43
2020-03-07,29,11,13,31,41,85,87,12,37
2020-03-10,30,8,35,41,43,57,80,42,17
2020-03-12,31,19,22,41,46,56,86,13,56
2020-03-14,32,1,13,18,47,68,75,46,84
2020-03-17,33,17,29,30,49,63,65,15,27
2020-03-19,34,7,11,17,28,29,50,41,59
2020-03-21,35,5,13,38,39,52,59,74,90
2020-05-05,36,39,43,58,73,83,86,35,6
2020-05-07,37,22,35,45,52,57,75,15,12
2020-05-09,38,34,45,59,66,70,78,21,5
2020-05-12,39,21,38,55,60,65,85,66,71
2020-05-14,40,12,17,20,54,61,80,39,17
2020-05-16,41,2,7,71,78,84,87,80,56
2020-05-19,42,26,41,51,62,66,85,40,31
2020-05-21,43,3,21,44,69,73,81,20,12
2020-05-23,44,5,15,61,75,82,86,36,40
2020-05-26,45,10,23,27,46,68,74,66,31
2020-05-28,46,16,29,31,73,76,82,26,2
2020-05-30,47,3,27,46,52,70,74,48,4
2020-06-01,48,9,28,49,65,76,81,8,47
2020-06-04,49,5,16,23,30,40,71,10,56
2020-06-06,50,4,21,37,45,50,79,76,5
2020-06-09,51,8,14,30,58,71,87,70,79
2020-06-11,52,1,7,23,47,68,69,79,33
2020-06-13,53,20,42,53,57,62,73,8,89
2020-06-16,54,1,11,39,59,68,74,37,16
2020-06-18,55,4,6,15,35,67,73,36,35
2020-06-20,56,16,29,39,55,63,86,84,51
2020-06-23,57,40,44,52,59,66,69,24,14
2020-06-25,58,14,35,41,51,84,85,78,49
2020-06-27,59,13,33,35,60,78,81,11,52
2020-06-30,60,6,7,57,61,79,89,63,3
2020-07-02,61,12,33,42,56,78,79,88,79
2020-07-04,62,33,38,46,59,65,73,28,47
2020-07-07,63,16,24,29,53,73,88,62,50
2020-07-09,64,1,10,26,40,64,88,79,16
2020-07-11,65,6,10,19,20,40,67,75,87
2020-07-14,66,17,35,70,71,74,82,22,79
2020-07-16,67,35,39,40,64,67,75,74,5
2020-07-18,68,18,33,49,76,80,84,12,83
2020-07-21,69,4,34,46,54,55,62,10,82
2020-07-23,70,10,29,37,49,56,57,24,68
2020-07-25,71,18,30,42,70,78,80,1,84
2020-07-28,72,23,45,49,71,80,82,61,76
2020-07-30,73,4,15,19,26,28,55,58,2
2020-08-01,74,4,14,17,18,26,45,6,56
2020-08-04,75,5,19,21,25,45,82,59,43
2020-08-06,76,21,37,40,46,69,80,3,65
2020-08-08,77,6,16,22,55,58,83,51,32
2020-08-11,78,7,9,38,68,78,80,26,45
2020-08-13,79,4,5,49,57,66,75,36,77
2020-08-17,80,5,9,26,62,77,79,87,72
2020-08-18,81,13,22,28,58,65,77,6,24
2020-08-20,82,7,17,30,39,41,67,32,70
2020-08-22,83,7,12,45,47,73,87,83,72
2020-08-25,84,15,24,31,70,83,84,76,89
2020-08-27,85,37,49,52,53,75,87,29,30
2020-08-29,86,1,3,35,42,55,61,25,17
2020-09-01,87,10,22,28,45,48,71,53,84
2020-09-03,88,16,17,38,39,68,84,29,7
2020-09-05,89,7,14,27,56,72,83,16,3
2020-09-08,90,23,27,28,31,69,89,24,85
2020-09-10,91,46,48,67,78,80,87,23,56
2020-09-12,92,6,15,36,42,67,78,2,11
2020-09-15,93,2,9,44,47,52,54,16,18
2020-09-17,94,9,29,35,47,53,85,71,48
2020-09-19,95,6,12,14,27,39,73,87,66
2020-09-22,96,4,15,37,48,55,69,31,56
2020-09-24,97,10,13,28,77,86,89,14,1
2020-09-26,98,4,16,38,70,86,88,61,46
2020-09-29,99,25,33,53,76,81,90,75,72
2020-10-01,100,7,31,38,52,61,75,51,19
2020-10-03,101,5,17,59,61,70,79,52,11
2020-10-06,102,8,55,67,73,74,89,83,18
2020-10-08,103,8,35,51,60,63,75,79,58
2020-10-10,104,12,15,19,24,46,73,67,46
2020-10-13,105,47,56,58,60,79,85,20,65
2020-10-15,106,29,38,47,61,68,86,36,59
2020-10-17,107,24,28,34,55,62,87,36,38
2020-10-20,108,24,29,36,43,50,51,69,21
2020-10-22,109,1,16,21,36,37,43,27,44
2020-10-24,110,17,19,28,41,49,86,25,88
2020-10-27,111,19,26,49,53,55,77,51,57
2020-10-29,112,9,32,41,43,44,84,28,46
2020-10-31,113,22,31,35,40,65,82,36,51
2020-11-03,114,18,39,45,48,53,64,55,11
2020-11-05,115,5,10,18,24,69,85,65,50
2020-11-07,116,1,2,61,69,70,82,56,5
2020-11-10,117,13,34,38,41,76,88,18,17
2020-11-12,118,13,35,37,58,60,88,57,19
2020-11-14,119,3,30,47,67,68,89,38,46
2020-11-17,120,7,18,20,32,45,55,75,41
2020-11-19,121,6,13,47,49,69,86,83,2
2020-11-21,122,6,24,37,55,76,82,20,11
2020-11-24,123,9,15,16,23,57,76,19,56
2020-11-26,124,2,9,39,52,67,76,78,37
2020-11-28,125,12,29,61,81,87,90,20,77
2020-12-01,126,21,30,32,62,78,80,36,21
2020-12-03,127,22,33,43,48,87,89,17,75
2020-12-05,128,26,32,39,40,57,65,4,15
2020-12-07,129,1,6,20,25,70,90,89,45
2020-12-10,130,1,6,25,42,75,80,41,63
2020-12-12,131,11,14,18,59,64,85,1,84
2020-12-15,132,10,16,47,51,80,85,4,23
2020-12-17,133,5,9,12,14,26,37,55,29
2020-12-19,134,36,39,45,50,62,66,47,69
2020-12-22,135,15,16,22,46,51,72,8,29
2020-12-24,136,22,25,31,79,87,90,38,73
2020-12-28,137,8,25,39,54,59,84,85,14
2020-12-29,138,15,22,38,51,60,74,86,50
2020-12-31,139,7,14,20,66,68,79,76,60
2021-01-02,1,35,37,50,75,77,81,5,30
2021-01-05,2,12,19,30,60,71,78,79,6
2021-01-07,3,15,33,48,49,56,88,16,55
2021-01-09,4,14,16,35,47,58,64,40,20
2021-01-12,5,5,19,21,33,61,90,43,52
2021-01-14,6,24,50,53,54,62,88,61,72
2021-01-16,7,9,26,57,66,81,83,63,65
2021-01-19,8,2,27,28,38,43,65,60,72
2021-01-21,9,15,17,38,40,45,65,84,45
2021-01-23,10,3,19,27,35,63,89,29,57
2021-01-26,11,34,39,45,51,60,89,18,52
2021-01-28,12,18,29,40,44,46,53,67,39
2021-01-30,13,27,35,42,48,56,65,44,81
2021-02-02,14,28,41,54,67,78,86,29,6
2021-02-04,15,5,19,27,35,40,82,66,53
2021-02-06,16,36,49,50,61,66,76,82,87
2021-02-09,17,7,8,19,33,40,48,54,40
2021-02-11,18,5,34,47,60,69,70,64,21
2021-02-13,19,36,39,46,58,63,77,57,65
2021-02-16,20,9,19,30,52,61,76,54,30
2021-02-18,21,28,52,56,62,66,72,58,13
2021-02-20,22,3,18,25,31,65,75,29,65
2021-02-23,23,7,37,42,57,59,87,15,17
2021-02-25,24,13,26,42,71,72,73,62,30
2021-02-27,25,10,37,42,69,72,86,85,2
2021-03-02,26,3,32,39,56,77,89,90,82
2021-03-04,27,2,4,13,45,51,77,5,64
2021-03-06,28,4,36,43,61,72,89,22,29
2021-03-09,29,8,15,20,52,54,72,81,79
2021-03-11,30,9,31,51,68,84,90,33,41
2021-03-13,31,28,29,43,59,70,79,52,79
2021-03-16,32,28,43,48,65,84,89,9,2
2021-03-18,33,11,38,51,58,62,63,47,56
2021-03-20,34,6,10,57,71,74,83,39,40
2021-03-23,35,2,11,13,45,66,72,25,84
2021-03-25,36,15,28,30,52,75,86,37,32
2021-03-27,37,16,19,41,72,78,82,70,46
2021-03-30,38,10,25,41,58,78,87,73,33
2021-04-01,39,22,37,57,62,83,90,3,87
2021-04-03,40,1,39,53,60,75,76,36,8
2021-04-06,41,7,27,73,77,78,89,26,41
2021-04-08,42,19,29,35,49,66,81,61,87
2021-04-10,43,9,27,67,80,87,89,65,18
2021-04-13,44,1,36,48,63,68,87,23,36
2021-04-15,45,12,33,44,71,72,80,69,12
2021-04-17,46,7,20,63,68,74,88,13,11
2021-04-20,47,1,32,48,58,68,75,59,10
2021-04-22,48,8,11,46,47,72,81,68,80
2021-04-24,49,10,20,21,29,34,44,58,33
2021-04-27,50,41,49,56,58,60,68,59,79
2021-04-29,51,14,62,64,66,76,87,79,48
2021-05-03,52,15,18,40,43,57,72,39,12
2021-05-04,53,6,43,48,60,75,85,1,2
2021-05-06,54,5,28,38,55,79,89,31,26
2021-05-08,55,37,38,44,45,60,65,66,10
2021-05-11,56,23,30,50,59,60,83,16,86
2021-05-13,57,4,13,20,51,69,82,9,27
2021-05-15,58,15,36,49,59,60,62,77,20
2021-05-18,59,10,11,15,19,47,78,68,90
2021-05-20,60,27,31,36,39,46,67,19,88
2021-05-22,61,1,7,37,43,63,81,34,26
2021-05-25,62,5,39,45,49,59,71,4,9
2021-05-27,63,24,38,81,86,88,89,54,71
2021-05-29,64,23,31,62,71,74,77,8,80
2021-06-01,65,9,21,27,41,45,53,66,27
2021-06-03,66,17,27,40,72,86,87,48,2
2021-06-05,67,53,73,75,83,84,85,27,76
2021-06-08,68,2,9,11,72,76,86,67,79
2021-06-10,69,27,37,42,44,76,83,50,25
2021-06-12,70,2,9,27,54,69,78,16,62
2021-06-15,71,10,14,25,43,54,65,11,79
2021-06-17,72,20,33,39,42,43,78,40,49
2021-06-19,73,1,3,41,55,84,85,47,87
2021-06-22,74,30,51,56,59,65,68,83,40
2021-06-24,75,40,43,56,59,63,88,25,2
2021-06-26,76,28,39,44,57,61,88,43,26
2021-06-29,77,10,30,52,53,66,87,77,20
2021-07-01,78,8,11,44,86,88,89,31,8
2021-07-03,79,42,45,52,65,70,85,67,61
2021-07-06,80,11,15,20,40,69,73,65,48
2021-07-08,81,21,24,25,61,73,74,58,24
2021-07-10,82,8,13,16,27,32,62,4,31
2021-07-13,83,58,68,70,74,76,89,3,74
2021-07-15,84,2,25,37,54,57,87,80,77
2021-07-17,85,6,37,64,71,85,87,16,23
2021-07-20,86,28,34,49,65,79,90,1,80
2021-07-22,87,1,6,10,61,63,64,15,37
2021-07-24,88,21,25,40,50,71,87,22,18
2021-07-27,89,1,6,24,36,82,83,58,78
2021-07-29,90,3,14,21,31,84,89,45,68
2021-07-31,91,14,22,36,47,59,61,35,56
2021-08-03,92,14,55,65,68,78,88,36,82
2021-08-05,93,28,37,41,44,52,84,86,12
2021-08-07,94,1,7,34,37,45,49,57,57
2021-08-10,95,14,16,47,49,53,56,22,59
2021-08-12,96,17,55,59,61,62,90,21,72
2021-08-14,97,53,64,72,74,87,89,39,4
2021-08-17,98,2,3,10,38,64,70,69,39
2021-08-19,99,3,4,31,80,81,87,53,53
2021-08-21,100,8,19,35,59,86,90,33,53
2021-08-24,101,12,27,43,48,63,66,18,22
2021-08-26,102,17,21,32,40,55,76,89,4
2021-08-28,103,44,54,56,63,76,77,61,75
2021-08-31,104,3,5,10,44,76,77,19,71
2021-09-02,105,5,15,39,72,76,80,12,6
2021-09-04,106,7,60,68,71,79,80,53,68
2021-09-07,107,7,20,21,31,67,89,63,89
2021-09-09,108,6,58,64,73,76,86,59,45
2021-09-11,109,1,30,36,49,75,85,33,73
2021-09-14,110,3,14,42,52,69,81,63,3
2021-09-16,111,12,16,40,46,47,83,57,16
2021-09-18,112,22,56,60,73,76,80,81,4
2021-09-21,113,5,6,29,59,68,74,54,53
2021-09-23,114,8,21,38,42,49,51,2,58
2021-09-25,115,11,19,61,62,75,76,43,24
2021-09-28,116,14,18,19,33,34,80,48,19
2021-09-30,117,7,32,33,36,45,47,43,19
2021-10-02,118,9,19,40,62,67,71,52,58
2021-10-05,119,21,40,62,66,73,85,58,67
2021-10-07,120,15,18,22,26,66,77,67,78
2021-10-09,121,7,9,70,72,77,86,53,20
2021-10-12,122,46,53,55,60,64,90,77,72
2021-10-14,123,8,14,25,59,60,88,27,31
2021-10-16,124,32,41,50,57,67,89,13,90
2021-10-19,125,21,28,38,42,66,88,60,6
2021-10-21,126,9,10,26,27,77,86,16,23
2021-10-23,127,1,11,12,15,20,83,46,80
2021-10-26,128,20,24,25,49,57,68,16,53
2021-10-28,129,2,25,34,67,73,77,36,11
2021-10-30,130,20,31,41,43,48,79,26,46
2021-11-02,131,22,27,51,55,77,86,33,42
2021-11-04,132,22,25,38,41,61,68,24,3
2021-11-06,133,6,21,56,63,81,85,51,61
2021-11-09,134,3,6,14,17,54,60,83,78
2021-11-11,135,4,23,52,65,79,88,37,53
2021-11-13,136,13,40,60,66,73,75,23,49
2021-11-16,137,7,17,19,38,66,71,90,35
2021-11-18,138,22,24,38,42,44,87,67,13
2021-11-20,139,7,48,58,60,86,87,55,22
2021-11-23,140,6,17,23,24,43,72,81,30
2021-11-25,141,84,82,45,61,88,6,16,36
2021-11-27,142,47,78,24,48,38,30,8,57
2021-11-30,143,11,34,44,64,75,82,48,5
2021-12-02,144,15,24,48,60,70,89,34,17
2021-12-04,145,37,43,68,72,76,85,27,11
2021-12-07,146,9,12,23,38,59,88,76,18
2021-12-09,147,10,48,70,75,79,83,82,77
2021-12-11,148,7,17,45,64,76,81,42,72
2021-12-14,149,35,59,64,65,68,73,50,49
2021-12-16,150,12,35,37,41,75,76,16,13
2021-12-18,151,6,31,44,57,73,77,61,80
2021-12-21,152,30,49,61,62,79,87,63,48
2021-12-23,153,11,15,17,37,54,89,8,38
2021-12-27,154,6,10,11,41,61,80,76,47
2021-12-28,155,13,19,47,70,77,83,31,59
2021-12-30,156,10,20,40,55,68,86,26,76
2022-01-03,1,9,47,50,67,73,74,85,49
2022-01-04,2,5,18,59,78,81,89,10,9
2022-01-08,3,35,42,49,63,68,78,1,33
2022-01-10,4,3,25,30,58,66,84,72,55
2022-01-11,5,15,22,24,33,38,71,47,45
2022-01-13,6,10,34,56,66,78,87,52,29
2022-01-15,7,6,19,48,51,73,89,32,40
2022-01-18,8,33,34,43,46,49,66,87,78
2022-01-20,9,32,33,37,53,77,79,76,61
2022-01-22,10,5,13,27,37,50,59,76,47
2022-01-25,11,4,13,16,21,23,50,63,79
2022-01-27,12,30,53,63,74,83,88,44,27
2022-01-29,13,1,23,63,79,82,89,68,52
2022-02-01,14,5,10,29,31,47,58,34,44
2022-02-03,15,21,26,28,35,65,77,46,60
2022-02-05,16,30,39,48,55,76,81,82,11
2022-02-08,17,36,38,57,62,64,81,68,28
2022-02-10,18,25,35,51,52,58,59,82,71
2022-02-12,19,22,27,14,68,47,77,44,45
2022-02-15,20,1,60,44,49,74,9,70,38
2022-02-17,21,77,48,67,87,85,36,38,74
2022-02-19,22,13,81,74,9,15,65,66,24
2022-02-22,23,64,15,74,9,59,29,22,16
2022-02-24,24,16,52,73,69,38,28,17,47
2022-02-26,25,87,24,38,6,84,52,4,81
2022-03-01,26,81,83,44,79,60,15,64,64
2022-03-03,27,80,31,43,40,47,33,2,21
2022-03-05,28,66,3,58,80,9,68,35,77
2022-03-08,29,16,31,15,21,80,3,24,70
2022-03-10,30,34,39,18,66,47,52,22,69
2022-03-12,31,24,32,56,41,80,76,10,11
2022-03-15,32,86,75,22,53,65,8,55,44
2022-03-17,33,14,86,55,54,52,53,34,29
2022-03-19,34,67,41,73,61,20,83,4,83
2022-03-22,35,68,88,27,74,49,30,64,11
2022-03-24,36,48,62,15,37,77,35,28,50
2022-03-26,37,74,81,89,22,38,84,72,45
2022-03-29,38,48,32,72,9,55,68,36,68
2022-03-31,39,74,59,43,64,15,51,11,39
2022-04-02,40,65,45,24,54,35,68,7,9
2022-04-05,41,5,21,48,63,83,86,30,70
2022-04-07,42,11,20,42,43,51,86,71,87
2022-04-09,43,2,22,27,42,52,89,36,19
2022-04-12,44,15,27,32,51,74,77,44,22
2022-04-14,45,5,8,22,38,50,55,12,89
2022-04-16,46,7,21,25,69,76,77,70,74
2022-04-19,47,32,41,63,71,76,89,1,24
2022-04-21,48,17,32,46,49,77,88,48,19
2022-04-23,49,6,18,23,33,57,71,65,32
2022-04-26,50,20,44,62,64,67,78,79,40
2022-04-28,51,24,61,65,67,71,90,14,74
2022-04-30,52,22,25,34,52,72,85,14,71
2022-05-03,53,13,24,44,47,66,80,46,81
2022-05-05,54,25,31,37,38,77,82,43,8
2022-05-07,55,29,41,43,46,51,81,48,39
2022-05-10,56,25,37,47,55,73,81,67,5
2022-05-12,57,21,26,28,54,80,85,4,37
2022-05-14,58,13,19,39,42,73,83,60,11
2022-05-17,59,26,29,32,48,65,79,53,61
2022-05-19,60,2,9,13,39,40,89,6,43
2022-05-21,61,2,20,25,67,78,80,71,28
2022-05-24,62,22,24,25,32,46,73,29,62
2022-05-26,63,10,14,17,32,45,87,18,70
2022-05-28,64,27,42,55,65,84,90,53,64
2022-05-31,65,21,34,35,48,63,82,17,14
2022-06-04,66,2,35,41,43,65,71,12,50
2022-06-06,67,8,22,31,53,59,86,75,74
2022-06-07,68,21,31,49,69,77,90,40,22
2022-06-09,69,4,12,20,32,56,88,25,78
2022-06-11,70,5,8,18,28,33,59,9,83
2022-06-14,71,7,34,48,50,53,67,52,52
2022-06-16,72,31,54,56,60,66,82,29,13
2022-06-18,73,2,12,16,27,74,78,58,65
2022-06-21,74,12,16,32,46,60,83,54,52
2022-06-23,75,34,37,52,55,56,66,79,16
2022-06-25,76,4,30,42,46,58,89,29,88
2022-06-28,77,19,32,36,55,71,81,48,64
2022-06-30,78,6,9,12,16,32,79,26,40
2022-07-02,79,1,5,25,34,38,66,51,21
2022-07-05,80,16,17,49,66,82,86,1,67
2022-07-07,81,17,24,25,35,66,73,54,1
2022-07-09,82,28,31,41,51,70,83,80,24
2022-07-12,83,11,56,63,66,68,72,58,68
2022-07-14,84,3,11,28,39,65,75,48,51
2022-07-16,85,28,29,38,43,62,71,75,49
2022-07-19,86,2,17,27,44,78,79,59,1
2022-07-21,87,7,14,24,43,44,90,66,19
2022-07-23,88,29,32,46,56,66,90,21,89
2022-07-26,89,8,31,34,44,56,77,36,9
2022-07-28,90,19,20,22,54,72,88,50,56
2022-07-30,91,7,25,28,62,80,87,54,49
2022-08-02,92,9,25,26,49,68,74,81,59
2022-08-04,93,20,23,45,66,83,87,16,61
2022-08-06,94,1,21,29,40,42,58,25,70
2022-08-09,95,15,25,26,29,38,39,82,41
2022-08-11,96,6,32,34,56,58,87,23,88
2022-08-13,97,8,49,62,65,83,88,45,64
2022-08-16,98,13,19,59,74,81,84,2,51
2022-08-18,99,42,71,51,5,84,25,38,9
2022-08-20,100,58,28,77,31,85,19,73,88
2022-08-23,101,7,52,51,44,47,85,89,72
2022-08-25,102,33,88,86,41,42,84,38,79
2022-08-27,103,15,5,3,80,39,45,10,83
2022-08-30,104,11,75,57,45,23,6,44,45
2022-09-01,105,19,54,2,89,13,5,40,50
2022-09-03,106,76,25,30,44,22,37,1,74
2022-09-06,107,34,11,13,19,49,52,37,27
2022-09-08,108,71,90,39,18,50,26,41,35
2022-09-10,109,66,62,70,83,75,68,30,64
2022-09-13,110,69,16,9,20,5,23,31,46
2022-09-15,111,76,72,42,27,59,34,25,35
2022-09-17,112,10,14,60,42,18,1,39,35
2022-09-20,113,50,83,1,40,38,39,44,9
2022-09-22,114,65,75,30,15,81,42,72,85
2022-09-24,115,19,65,26,49,44,35,24,32
2022-09-27,116,42,63,62,22,49,5,80,36
2022-09-29,117,35,37,86,6,46,59,84,38
2022-10-01,118,3,11,82,67,26,14,75,59
2022-10-04,119,55,68,4,9,84,80,38,55
2022-10-06,120,20,62,10,28,70,87,59,26
2022-10-08,121,33,51,84,80,26,41,15,44
2022-10-11,122,39,1,46,33,35,58,15,48
2022-10-13,123,20,64,4,65,79,69,81,20
2022-10-15,124,69,74,26,12,83,34,66,68
2022-10-18,125,56,31,5,57,4,59,51,75
2022-10-20,126,39,69,65,67,8,6,32,7
2022-10-22,127,31,43,28,3,59,53,7,22
2022-10-25,128,41,1,71,19,48,68,25,45
2022-10-27,129,28,32,40,72,49,27,53,70
2022-10-29,130,86,79,15,74,32,66,84,54
2022-10-31,131,12,17,32,64,81,84,11,5
2022-11-03,132,40,10,15,37,43,59,5,67
2022-11-05,133,74,41,18,11,50,63,81,21
2022-11-08,134,46,73,33,44,15,31,79,3
2022-11-10,135,10,16,18,45,39,34,87,3
2022-11-12,136,19,32,51,61,82,71,48,35
2022-11-15,137,48,86,13,33,23,21,28,1
2022-11-17,138,48,88,39,3,52,6,9,6
2022-11-19,139,19,48,58,30,44,72,40,33
2022-11-22,140,14,23,41,64,35,22,17,14
2022-11-24,141,58,66,25,88,81,78,76,3
2022-11-26,142,48,42,72,8,61,3,56,34
2022-11-29,143,61,33,60,18,43,78,20,52
2022-12-01,144,13,32,68,54,4,56,67,25
2022-12-03,145,37,79,38,73,4,53,29,90
2022-12-06,146,21,31,12,70,83,39,16,59
2022-12-10,147,29,56,50,55,81,76,9,47
2022-12-12,148,16,33,51,54,68,86,42,82
2022-12-13,149,32,76,51,40,75,61,72,21
2022-12-15,150,65,3,32,39,4,30,43,66
2022-12-17,151,24,70,8,54,21,68,12,76
2022-12-20,152,87,23,12,81,73,7,35,8
2022-12-22,153,34,9,39,25,64,54,87,22
2022-12-24,154,9,23,29,69,72,81,8,79
2022-12-27,155,39,37,44,72,68,3,11,21
2022-12-29,156,19,34,2,46,37,58,62,69
2022-12-31,157,9,15,30,37,44,72,75,21
2023-01-03,1,8,51,71,34,10,30,20,27
2023-01-05,2,5,9,15,13,50,64,68,43
2023-01-07,3,17,54,60,67,41,86,51,12
2023-01-10,4,24,56,83,31,21,32,78,40
2023-01-12,5,10,9,44,22,85,41,5,51
2023-01-14,6,44,78,58,74,52,37,65,67
2023-01-17,7,9,40,10,68,60,14,21,9
2023-01-19,8,47,29,67,87,59,57,6,48
2023-01-21,9,61,82,22,66,72,80,67,79
2023-01-24,10,55,3,20,80,75,7,88,44
2023-01-26,11,79,60,34,25,86,6,48,81
2023-01-28,12,82,53,58,19,61,23,73,52
2023-01-31,13,39,13,15,23,41,46,30,42
2023-02-02,14,14,28,19,3,70,80,83,7
2023-02-04,15,46,49,81,42,68,3,4,81
2023-02-07,16,89,65,24,58,54,81,63,20
2023-02-09,17,3,10,25,44,57,90,53,68
2023-02-11,18,24,25,28,31,68,4,79,65
2023-02-14,19,19,22,67,85,79,71,23,13
2023-02-16,20,52,1,66,47,38,56,72,23
2023-02-18,21,65,72,57,46,52,22,31,2
2023-02-21,22,31,44,80,63,7,83,87,77
2023-02-23,23,29,6,58,52,68,34,59,12
2023-02-25,24,52,72,89,42,6,85,56,28
2023-02-28,25,16,50,49,73,47,7,45,41
2023-03-02,26,9,24,28,37,44,81,51,72
2023-03-04,27,24,29,49,22,58,4,69,8
2023-03-07,28,81,64,49,89,2,38,43,10
2023-03-09,29,41,30,42,77,19,1,61,32
2023-03-11,30,54,46,58,79,23,42,40,69
2023-03-14,31,8,88,64,25,20,87,75,34
2023-03-16,32,86,36,48,25,28,45,50,51
2023-03-18,33,69,47,35,37,43,73,16,47
2023-03-21,34,30,36,16,15,71,10,59,63
2023-03-23,35,66,42,41,8,6,80,79,11
2023-03-25,36,15,82,26,72,27,4,89,12
2023-03-28,37,64,79,42,76,62,52,55,56
2023-03-30,38,21,30,43,46,29,63,77,54
2023-04-01,39,47,73,75,22,5,36,51,78
2023-04-04,40,54,88,69,17,62,20,39,36
2023-04-06,41,45,4,42,30,28,50,27,55
2023-04-08,42,32,38,25,17,48,43,67,73
2023-04-11,43,70,9,69,40,55,60,34,70
2023-04-13,44,42,2,76,11,73,90,55,35
2023-04-15,45,22,7,79,36,86,52,38,51
2023-04-18,46,64,5,67,62,66,36,53,2
2023-04-20,47,7,52,5,4,21,45,77,37
2023-04-22,48,6,18,22,25,26,47,60,61
2023-04-24,49,3,7,46,69,75,82,81,28
2023-04-27,50,7,10,62,63,77,86,5,44
2023-04-29,51,21,43,55,56,73,89,13,2
2023-05-02,52,86,17,88,60,43,71,16,49
2023-05-04,53,23,72,62,57,6,9,16,22
2023-05-06,54,46,40,25,10,47,74,7,31
2023-05-09,55,18,41,60,78,44,25,36,72
2023-05-11,56,62,35,1,6,48,65,43,83
2023-05-13,57,31,84,35,3,82,57,68,16
2023-05-16,58,67,72,77,42,52,20,82,3
2023-05-18,59,69,16,63,5,77,35,29,3
2023-05-20,60,46,32,70,37,18,64,30,44
2023-05-23,61,27,50,63,23,26,13,71,1
2023-05-25,62,40,33,38,51,22,20,44,76
2023-05-27,63,78,88,64,41,79,12,58,86
2023-05-30,64,10,22,37,55,76,87,60,43
2023-06-01,65,83,2,37,64,90,89,34,23
2023-06-03,66,58,64,56,27,63,39,55,38
2023-06-06,67,17,26,51,54,61,62,73,8
2023-06-08,68,82,58,3,8,87,66,69,55
2023-06-10,69,8,30,33,40,64,78,42,59
2023-06-13,70,6,37,53,54,72,84,74,84
2023-06-15,71,24,71,21,9,4,52,8,58
2023-06-17,72,12,18,26,40,53,63,54,58
2023-06-20,73,56,74,42,69,7,76,45,4
2023-06-22,74,67,65,30,38,21,90,77,7
2023-06-24,75,1,21,32,59,86,35,38,6
2023-06-27,76,57,31,80,46,70,71,75,8
2023-06-29,77,1,27,38,41,79,81,39,29
2023-07-01,78,43,17,41,39,89,87,33,44
2023-07-04,79,89,90,68,11,23,50,41,32
2023-07-06,80,5,53,17,57,27,38,30,16
2023-07-07,81,1,13,23,73,83,85,79,3
2023-07-08,82,18,56,20,28,41,8,58,55
2023-07-11,83,39,41,77,64,58,71,9,74
2023-07-13,84,64,50,20,49,53,38,72,62
2023-07-14,85,38,41,43,55,61,71,59,75
2023-07-15,86,52,78,56,40,51,45,30,5
2023-07-18,87,45,65,52,22,60,49,23,26
2023-07-20,88,47,62,41,65,14,88,39,37
2023-07-21,89,13,38,52,56,73,90,7,24
2023-07-22,90,50,2,90,65,37,68,67,60
2023-07-25,91,30,74,48,69,6,71,62,22
2023-07-27,92,57,18,39,83,50,48,38,55
2023-07-28,93,1,23,33,50,55,78,45,82
2023-07-29,94,60,68,27,39,85,58,45,82
2023-08-01,95,54,63,32,36,11,40,78,57
2023-08-03,96,4,6,9,33,65,73,48,12
2023-08-04,97,5,21,57,71,72,84,66,11
2023-08-05,98,7,9,17,18,47,81,61,20
2023-08-08,99,4,71,81,5,3,82,64,10
2023-08-10,100,86,21,9,49,53,43,68,62
2023-08-11,101,31,45,46,52,69,83,76,34
2023-08-12,102,48,40,78,2,81,90,55,14
2023-08-14,103,6,28,46,64,77,82,20,15
2023-08-17,104,10,12,14,53,63,71,41,41
2023-08-18,105,5,13,41,58,70,73,1,28
2023-08-19,106,23,61,5,18,49,6,22,82
2023-08-22,107,67,32,61,75,45,47,6,83
2023-08-24,108,3,34,54,67,71,77,2,49
2023-08-25,109,4,12,41,57,77,78,40,3
2023-08-26,110,8,11,23,59,73,75,14,11
2023-08-29,111,56,69,82,53,90,52,6,50
2023-08-31,112,61,73,15,66,72,9,2,79
2023-09-01,113,18,53,57,67,75,80,77,39
2023-09-02,114,15,49,14,7,90,86,82,19
2023-09-05,115,65,20,26,33,19,14,15,36
2023-09-07,116,89,34,2,40,15,57,88,73
2023-09-08,117,13,30,42,58,80,86,33,72
2023-09-09,118,43,6,28,76,17,46,61,84
2023-09-12,119,28,84,26,41,81,47,70,70
2023-09-14,120,23,29,41,55,76,79,11,5
2023-09-15,121,5,12,42,51,55,80,35,60
2023-09-16,122,23,27,53,55,74,86,79,65
2023-09-19,123,11,89,41,86,9,52,36,9
2023-09-21,124,31,59,4,29,45,21,42,2
2023-09-22,125,3,58,67,69,70,84,5,11
2023-09-23,126,82,51,27,38,80,22,24,31
2023-09-26,127,45,41,43,66,60,78,30,75
2023-09-28,128,40,58,85,25,9,86,11,34
2023-09-29,129,6,35,48,53,81,86,47,71
2023-09-30,130,25,66,76,64,17,74,49,78
2023-10-03,131,13,20,67,12,54,84,66,77
2023-10-05,132,39,20,22,71,65,69,38,53
2023-10-06,133,33,36,48,62,82,90,8,61
2023-10-07,134,12,35,37,58,55,42,63,13
2023-10-10,135,87,39,1,49,45,88,30,41
2023-10-12,136,10,36,20,5,14,7,54,11
2023-10-13,137,24,29,40,55,56,77,49,79
2023-10-14,138,79,4,83,6,52,81,45,53
2023-10-17,139,40,39,28,63,85,16,12,33
2023-10-19,140,10,18,45,66,55,70,75,53
2023-10-20,141,14,21,24,49,71,81,5,17
2023-10-21,142,35,73,61,23,37,58,50,13
2023-10-24,143,41,79,75,8,18,54,42,8
2023-10-26,144,19,34,11,28,38,45,1,31
2023-10-27,145,23,40,49,57,68,69,56,56
2023-10-28,146,57,25,66,4,30,9,79,77
2023-10-31,147,69,80,3,73,42,54,68,29
2023-11-02,148,56,29,80,40,60,17,33,2
2023-11-03,149,52,64,68,76,84,87,14,6
2023-11-04,150,59,63,90,16,52,84,32,55
2023-11-07,151,36,10,64,30,69,76,68,88
2023-11-09,152,68,85,87,14,70,84,45,16
2023-11-10,153,7,45,58,62,69,76,66,37
2023-11-11,154,16,82,23,25,62,22,5,11
2023-11-14,155,35,39,74,38,51,80,4,20
2023-11-16,156,56,52,40,9,10,19,50,42
2023-11-17,157,14,23,63,70,75,89,59,83
2023-11-18,158,62,51,60,80,5,52,22,23
2023-11-21,159,90,59,61,30,88,86,43,77
2023-11-23,160,71,83,1,68,61,37,52,25
2023-11-24,161,4,13,28,30,47,59,61,56
2023-11-25,162,11,58,28,55,27,73,49,12
2023-11-28,163,14,52,67,6,49,68,80,25
2023-11-30,164,27,86,41,38,84,81,49,69
2023-12-01,165,11,22,33,44,65,66,87,17
2023-12-02,166,83,19,74,53,24,29,70,40
2023-12-05,167,39,6,16,44,41,4,23,78
2023-12-07,168,84,68,42,19,44,5,72,38
2023-12-09,169,27,41,59,3,20,82,24,31
2023-12-11,170,1,41,46,50,84,89,37,19
2023-12-12,171,27,59,47,57,4,89,7,4
2023-12-14,172,86,22,37,28,53,39,78,70
2023-12-15,173,52,63,67,71,83,89,23,46
2023-12-16,174,13,22,42,87,47,23,67,69
2023-12-18,175,3,4,14,15,65,85,33,43
2023-12-19,176,20,54,33,83,26,30,89,64
2023-12-21,177,32,62,77,19,38,79,90,83
2023-12-22,178,1,8,46,57,73,79,67,32
2023-12-23,179,79,49,10,81,8,57,36,65
2023-12-28,180,57,15,36,86,58,79,35,47
2023-12-29,181,13,46,47,67,68,90,55,40
2023-12-30,182,23,43,53,69,66,45,4,59
2024-01-02,1,2,9,63,16,46,35,49,5
2024-01-04,2,7,9,70,29,51,60,59,41
2024-01-08,3,62,48,20,28,51,42,72,47
2024-01-09,4,23,19,83,10,39,40,73,13
2024-01-11,5,69,45,77,56,73,59,7,81
2024-01-12,6,11,23,25,72,78,84,20,40
2024-01-13,7,43,60,55,4,45,56,5,55
2024-01-16,8,21,59,51,39,68,86,63,48
2024-01-18,9,14,84,60,26,36,62,73,68
2024-01-19,10,21,22,28,50,55,68,38,35
2024-01-20,11,63,71,58,56,19,2,22,14
2024-01-23,12,52,11,48,15,16,42,1,16
2024-01-25,13,29,27,86,30,53,54,34,57
2024-01-26,14,24,32,36,47,50,78,62,72
2024-01-27,15,43,49,33,17,38,80,69,30
2024-01-30,16,10,76,89,82,5,83,25,49
2024-02-01,17,87,3,89,44,74,81,85,66
2024-02-02,18,2,35,38,44,68,83,50,73
2024-02-03,19,34,10,77,66,12,6,19,58
2024-02-06,20,39,34,54,46,89,26,13,11
2024-02-08,21,4,24,2,62,75,73,1,49
2024-02-09,22,6,22,29,42,48,66,56,81
2024-02-10,23,62,85,72,73,43,86,58,17
2024-02-13,24,37,34,27,76,53,42,60,55
2024-02-15,25,38,74,61,34,71,83,80,79
2024-02-16,26,20,30,37,83,88,89,77,66
2024-02-17,27,46,64,34,3,25,11,53,75
2024-02-20,28,36,78,43,30,48,5,79,51
2024-02-22,29,30,87,44,43,75,29,1,85
2024-02-23,30,38,54,57,66,74,88,75,57
2024-02-24,31,63,46,47,41,87,43,30,44
2024-02-27,32,33,90,27,41,73,79,34,39
2024-02-29,33,28,41,79,13,36,88,30,32
2024-03-01,34,5,16,44,61,80,90,25,16
2024-03-02,35,55,26,51,87,85,50,14,19
2024-03-05,36,79,43,53,82,16,80,74,61
2024-03-07,37,70,13,24,75,3,60,71,30
2024-03-08,38,9,16,23,50,53,79,55,84
2024-03-09,39,62,55,49,36,30,10,32,66
2024-03-12,40,25,69,67,46,86,7,23,77
2024-03-14,41,68,55,51,23,14,76,77,86
2024-03-15,42,5,6,7,50,72,74,82,26
2024-03-16,43,73,38,12,66,45,70,58,85
2024-03-19,44,19,67,82,60,58,4,48,29
2024-03-21,45,73,84,8,77,2,17,4,84
2024-03-22,46,13,16,59,66,77,79,82,75
2024-03-23,47,67,79,58,34,57,32,61,66
2024-03-26,48,43,2,85,74,81,24,63,40
2024-03-28,49,84,22,74,5,69,9,80,83
2024-03-29,50,20,30,32,38,61,67,60,6
2024-03-30,51,66,45,25,8,54,28,89,28
2024-04-02,52,39,72,44,40,28,76,52,52
2024-04-04,53,68,8,51,33,41,36,71,8
2024-04-05,54,23,40,42,60,62,63,26,80
2024-04-06,55,53,64,78,54,14,33,39,85
2024-04-09,56,58,45,23,15,51,31,60,64
2024-04-11,57,81,67,77,8,31,86,10,62
2024-04-12,58,10,23,47,49,84,85,5,24
2024-04-13,59,1,11,6,88,7,79,15,26
2024-04-16,60,1,81,3,75,53,11,61,26
2024-04-18,61,53,15,27,85,65,42,88,49
2024-04-19,62,9,18,65,70,75,87,53,81
2024-04-20,63,26,34,40,53,68,60,82,19
2024-04-23,64,8,24,20,12,45,73,4,3
2024-04-26,65,9,81,51,83,61,13,24,59
2024-04-27,66,63,54,24,41,62,27,37,37
2024-04-29,67,17,27,44,50,66,85,3,32
2024-04-30,68,7,20,11,6,33,81,74,8
2024-05-02,69,54,80,14,43,69,90,1,57
2024-05-03,70,17,23,43,48,52,66,88,3
2024-05-04,71,22,66,18,34,5,52,33,46
2024-05-07,72,23,85,45,21,30,68,53,89
2024-05-09,73,75,36,23,81,62,38,82,62
2024-05-10,74,6,20,40,55,71,80,12,75
2024-05-11,75,46,34,51,21,36,29,41,60
2024-05-14,76,39,61,11,27,43,85,52,43
2024-05-16,77,83,31,66,27,11,10,25,57
2024-05-17,78,13,14,41,53,60,65,5,45
2024-05-18,79,58,20,31,59,2,48,46,30
2024-05-21,80,49,83,72,28,84,3,5,17
2024-05-23,81,83,50,71,10,4,19,27,11
2024-05-24,82,2,36,39,50,59,64,19,3
2024-05-25,83,37,10,75,56,28,2,41,58
2024-05-28,84,76,82,41,19,85,67,23,10
2024-05-30,85,50,55,16,10,40,14,4,31
2024-05-31,86,14,20,24,49,83,84,62,45
2024-06-01,87,47,13,75,82,4,80,83,22
2024-06-04,88,75,4,28,41,61,18,17,72
2024-06-06,89,45,76,50,67,43,44,69,9
2024-06-07,90,39,51,52,58,72,84,11,37
2024-06-08,91,6,59,79,14,8,15,66,2
2024-06-11,92,27,73,14,34,47,88,52,52
2024-06-13,93,47,54,5,22,63,84,85,82
2024-06-14,94,15,60,82,85,86,87,45,42
2024-06-15,95,16,69,73,22,6,78,67,38
2024-06-18,96,32,49,50,51,20,58,44,59
2024-06-20,97,72,19,39,60,80,31,5,49
2024-06-21,98,21,23,28,59,79,82,74,81
2024-06-22,99,87,57,3,69,25,71,48,62
2024-06-25,100,49,3,63,82,68,18,78,51
2024-06-27,101,28,80,13,63,85,76,21,54
2024-06-28,102,21,26,33,34,45,86,28,80
2024-06-29,103,18,26,54,25,84,11,17,69
2024-07-02,104,4,79,89,7,39,71,1,11
2024-07-04,105,42,56,53,15,73,25,60,61
2024-07-05,106,10,21,23,26,35,50,87,76
2024-07-06,107,26,34,47,33,18,24,35,30
2024-07-09,108,34,32,8,58,26,53,25,78
2024-07-11,109,10,40,31,85,59,80,13,48
2024-07-12,110,43,54,60,70,75,89,30,20
2024-07-13,111,6,68,9,63,54,64,43,84
2024-07-16,112,72,61,26,54,18,3,85,30
2024-07-18,113,64,13,35,57,36,23,47,5
2024-07-19,114,13,20,39,48,74,89,47,50
2024-07-20,115,70,48,57,71,45,50,80,52
2024-07-23,116,90,63,64,59,82,24,62,24
2024-07-25,117,87,69,23,56,21,2,52,42
2024-07-26,118,1,14,21,35,64,85,70,5
2024-07-27,119,59,84,13,14,25,34,71,17
2024-07-30,120,22,54,34,13,77,11,35,72
2024-08-01,121,79,39,83,78,84,33,60,88
2024-08-02,122,34,42,69,76,81,85,36,49
2024-08-03,123,73,79,88,6,69,37,4,7
2024-08-06,124,88,85,87,4,11,86,38,2
2024-08-08,125,16,17,90,3,54,61,4,21
2024-08-09,126,23,40,60,79,80,87,50,69
2024-08-10,127,14,77,13,71,49,55,62,32
2024-08-13,128,55,85,80,41,65,43,76,74
2024-08-16,129,73,1,6,20,85,13,11,73
2024-08-17,130,66,22,43,60,6,73,31,31
2024-08-19,131,4,7,15,24,36,78,65,85
2024-08-20,132,64,23,89,57,17,45,15,31
2024-08-22,133,18,57,17,34,24,82,68,21
2024-08-23,134,5,7,59,70,72,73,33,4
2024-08-24,135,17,75,63,28,72,81,79,51
2024-08-27,136,36,42,23,12,71,50,80,40
2024-08-29,137,80,46,52,23,5,60,79,54
2024-08-30,138,7,34,47,52,74,86,78,7
2024-08-31,139,1,60,20,27,77,41,7,43
2024-09-03,140,38,71,55,85,6,80,23,24
2024-09-05,141,69,32,29,5,89,4,15,46
2024-09-06,142,2,26,37,38,69,85,66,10
2024-09-07,143,16,70,72,82,1,64,34,86
2024-09-10,144,9,78,11,53,63,27,8,88
2024-09-12,145,29,70,80,35,67,65,10,79
2024-09-13,146,2,12,16,18,59,61,56,4
2024-09-14,147,76,55,88,65,1,31,52,34
2024-09-17,148,74,84,64,17,28,62,88,90
2024-09-19,149,3,13,56,44,61,45,33,34
2024-09-20,150,14,22,42,44,47,79,85,29
2024-09-21,151,8,83,33,35,39,78,52,72
2024-09-24,152,25,90,27,2,50,88,19,86
2024-09-26,153,41,2,13,52,14,79,84,12
2024-09-27,154,4,14,42,46,53,60,31,85
2024-09-28,155,57,8,33,4,34,28,27,88
2024-10-01,156,68,70,80,57,60,83,25,64
2024-10-03,157,40,27,67,51,86,26,4,82
2024-10-04,158,5,43,57,58,72,87,3,72
2024-10-05,159,47,41,13,84,81,58,4,81
2024-10-08,160,21,6,25,68,63,59,8,70
2024-10-10,161,48,89,87,64,6,80,43,82
2024-10-11,162,31,34,49,66,75,88,1,16
2024-10-12,163,13,51,11,22,16,42,37,47
2024-10-15,164,23,45,44,1,60,47,14,19
2024-10-17,165,2,24,23,46,42,88,61,27
2024-10-18,166,19,39,41,42,45,88,40,27
2024-10-19,167,90,86,14,73,89,67,8,77
2024-10-22,168,64,79,37,23,13,43,84,20
2024-10-24,169,7,23,31,29,21,28,20,66
2024-10-25,170,5,11,39,41,62,80,78,33
2024-10-26,171,42,65,52,31,14,40,15,69
2024-10-29,172,6,26,35,57,64,17,14,23
2024-10-31,173,71,85,55,58,18,40,46,46
2024-11-02,174,3,61,43,77,27,19,80,41
2024-11-04,175,27,32,33,44,60,89,52,5
2024-11-05,176,88,75,77,43,53,32,81,79
2024-11-07,177,50,81,84,75,68,1,8,25
2024-11-08,178,13,22,49,58,64,75,20,16
2024-11-09,179,89,63,36,26,43,51,21,57
2024-11-12,180,13,28,29,32,39,81,82,36
2024-11-14,181,69,36,82,70,73,46,26,84
2024-11-15,182,2,4,5,42,53,83,23,43
2024-11-16,183,56,68,66,73,52,70,90,12
2024-11-19,184,72,36,68,34,20,74,44,49
2024-11-21,185,7,41,4,20,67,24,85,35
2024-11-22,186,6,26,51,53,78,89,79,70
2024-11-23,187,32,22,15,35,67,29,87,23
2024-11-26,188,13,31,89,46,26,23,43,24
2024-11-28,189,8,54,74,3,37,84,26,26
2024-11-29,190,21,33,44,55,75,80,53,64
2024-11-30,191,74,50,27,69,48,81,13,36
2024-12-03,192,17,37,4,73,56,90,46,11
2024-12-05,193,45,42,84,72,4,82,25,10
2024-12-06,194,21,48,60,61,67,71,86,22
2024-12-07,195,70,75,60,30,21,55,13,25
2024-12-10,196,71,68,81,5,54,69,30,56
2024-12-12,197,85,76,20,78,87,61,44,72
2024-12-13,198,16,42,54,55,65,83,27,90
2024-12-14,199,70,50,34,83,52,59,13,74
2024-12-17,200,58,66,49,3,25,64,46,77
2024-12-19,201,4,22,20,2,76,8,72,60
2024-12-20,202,17,35,43,56,63,85,23,74
2024-12-21,203,23,53,55,79,25,71,63,6
2024-12-24,204,6,18,27,30,52,56,83,80
2024-12-27,205,43,68,53,13,9,15,58,69
2024-12-28,206,28,46,29,88,68,81,79,40
2024-12-30,207,3,8,18,25,58,75,12,54
2024-12-31,208,5,16,23,40,47,80,17,13
2025-01-02,1,19,74,77,88,29,21,7,56
2025-01-03,2,13,30,43,49,74,89,4,32
2025-01-04,3,83,86,43,63,42,31,37,86
2025-01-07,4,87,32,11,29,10,7,34,51
2025-01-09,5,40,33,15,82,71,74,89,15
2025-01-10,6,19,25,33,49,57,72,46,38
2025-01-11,7,85,5,22,11,6,35,30,53
2025-01-14,8,4,40,17,15,64,75,23,80
2025-01-16,9,69,38,72,59,88,31,64,73
2025-01-17,10,8,12,15,40,66,89,7,15
2025-01-18,11,10,46,21,29,2,70,31,59
2025-01-21,12,3,18,41,58,62,73,64,20
2025-01-23,13,1,80,69,7,46,34,64,42
2025-01-24,14,14,20,46,62,84,85,1,78
2025-01-25,15,44,5,6,76,45,24,58,64
2025-01-28,16,65,77,82,48,63,72,85,47
2025-01-30,17,32,41,23,47,35,34,65,2
2025-01-31,18,7,18,22,25,30,72,76,51
2025-02-01,19,45,59,25,26,21,49,68,82
2025-02-04,20,85,77,41,83,10,29,56,80
2025-02-06,21,83,41,4,72,86,11,30,30
2025-02-07,22,16,29,30,47,52,84,10,17
2025-02-08,23,72,57,86,46,29,66,64,40
2025-02-11,24,75,79,86,55,9,39,2,56
2025-02-13,25,31,64,41,62,74,87,84,68
2025-02-14,26,18,30,40,52,60,71,65,70
2025-02-15,27,85,48,22,72,77,37,39,72
2025-02-18,28,7,85,54,76,3,5,89,64
2025-02-20,29,63,27,6,19,71,77,13,70
2025-02-21,30,21,45,48,72,79,87,73,89
2025-02-22,31,52,35,40,48,49,89,24,32
2025-02-25,32,83,89,6,68,90,58,73,50
2025-02-27,33,31,33,72,42,51,29,34,62
2025-02-28,34,4,12,37,59,63,90,70,15
2025-03-01,35,33,12,1,40,83,41,6,67
2025-03-04,36,52,9,63,28,77,79,11,39
2025-03-06,37,36,1,18,32,10,19,20,53
2025-03-07,38,11,24,25,30,43,47,28,5
2025-03-08,39,87,35,59,65,11,16,9,52
2025-03-11,40,48,90,27,55,58,22,63,11
2025-03-13,41,58,33,7,70,25,51,79,31
2025-03-14,42,3,10,20,36,37,49,21,14
2025-03-15,43,50,79,2,82,8,77,85,36
2025-03-18,44,64,73,1,79,86,80,39,68
2025-03-20,45,40,54,66,83,36,49,14,44
2025-03-21,46,7,15,48,49,65,80,67,39
2025-03-22,47,66,76,45,15,28,46,44,43
2025-03-25,48,88,74,29,31,27,60,71,23
2025-03-27,49,64,45,28,43,35,85,13,35
2025-03-28,50,17,26,46,56,71,90,6,22
2025-03-29,51,85,68,45,71,9,66,31,44
2025-04-01,52,32,81,4,19,47,74,10,90
2025-04-03,53,31,57,32,35,30,29,26,6
2025-04-04,54,42,51,71,77,80,82,72,5
2025-04-05,55,60,41,73,8,22,5,18,54
2025-04-08,56,11,34,46,20,90,48,68,81
2025-04-10,57,32,40,11,44,24,85,27,36
2025-04-11,58,9,20,43,49,52,57,61,8
2025-04-12,59,60,85,79,38,16,83,27,36
2025-04-15,60,40,66,60,81,57,80,36,9
2025-04-17,61,8,44,40,20,49,46,63,48
2025-04-18,62,4,11,18,23,83,88,89,70
2025-04-19,63,54,8,62,51,69,32,18,30
2025-04-22,64,62,74,61,10,59,68,43,31
2025-04-24,65,31,55,20,14,13,60,89,25
2025-04-26,66,10,67,24,48,21,63,34,45
2025-04-28,67,13,18,30,44,51,81,38,52
2025-04-29,68,60,31,20,39,59,82,57,10
2025-05-02,69,54,55,76,80,85,67,82,52
2025-05-03,70,1,44,22,72,4,70,18,53
2025-05-05,71,6,18,37,63,72,73,36,28
2025-05-06,72,88,58,63,51,2,35,8,51
2025-05-08,73,27,1,54,67,83,23,65,30
2025-05-09,74,3,47,51,77,85,88,52,39
2025-05-10,75,14,39,55,17,8,49,2,80
2025-05-13,76,15,2,62,81,25,76,89,5
2025-05-15,77,10,73,35,37,28,75,42,27
2025-05-16,78,15,21,30,31,42,80,69,42
2025-05-17,79,22,88,10,19,39,11,29,73
2025-05-20,80,21,48,30,33,5,19,74,39
2025-05-22,81,2,49,72,19,23,46,71,88
2025-05-23,82,2,8,10,18,20,79,13,10
2025-05-24,83,71,53,1,62,5,3,32,53
2025-05-27,84,40,75,53,35,10,7,60,33
2025-05-29,85,32,51,67,81,71,27,35,90
2025-05-30,86,31,34,62,63,82,87,81,77
2025-05-31,87,63,8,47,48,4,90,77,12
2025-06-03,88,37,47,71,1,6,31,26,72
2025-06-05,89,10,19,17,21,74,63,4,60
2025-06-06,90,2,10,33,55,73,74,80,49
2025-06-07,91,5,52,49,46,28,76,83,21
2025-06-10,92,62,76,55,45,14,80,51,17
2025-06-12,93,61,21,81,76,69,79,77,76
2025-06-13,94,8,23,25,48,78,83,80,39
2025-06-14,95,10,56,73,86,18,44,48,55
2025-06-17,96,48,17,58,86,87,52,74,49
2025-06-19,97,4,6,73,11,31,69,9,26
2025-06-20,98,34,67,76,77,86,90,40,43
2025-06-21,99,28,36,42,50,17,4,5,71
2025-06-24,100,63,36,23,64,2,32,37,76
2025-06-26,101,79,69,56,81,70,10,53,45
2025-06-27,102,25,49,54,55,62,73,4,86
2025-06-28,103,41,51,35,38,10,56,3,51
2025-07-01,104,75,28,79,9,25,6,83,20
2025-07-03,105,53,42,37,57,65,49,62,8
2025-07-04,106,26,45,58,65,70,82,27,73
2025-07-05,107,46,16,71,85,61,75,64,12
2025-07-08,108,61,1,73,40,33,64,15,48
2025-07-10,109,75,32,15,5,20,65,12,24
2025-07-11,110,1,31,40,62,64,74,81,11
2025-07-12,111,78,64,16,43,25,24,54,12
2025-07-15,112,10,48,83,4,58,14,47,63
2025-07-17,113,68,35,16,37,42,43,58,8
2025-07-18,114,20,37,50,70,75,88,46,16
2025-07-19,115,5,43,46,56,90,58,23,54
2025-07-22,116,8,85,69,44,52,3,11,67
2025-07-24,117,37,14,66,88,10,89,34,88
2025-07-25,118,15,16,17,36,62,83,7,31
2025-07-26,119,1,88,19,53,9,49,77,44
2025-07-29,120,60,31,13,65,27,75,39,69
2025-07-31,121,57,14,56,66,55,58,46,65
2025-08-01,122,9,25,27,36,54,86,45,31
2025-08-02,123,66,80,54,78,42,88,60,14
2025-08-05,124,65,31,60,6,80,57,12,71
2025-08-07,125,79,70,43,83,85,55,24,4
2025-08-08,126,8,34,38,53,78,79,58,37
2025-08-09,127,6,45,88,18,41,40,37,12
2025-08-12,128,59,11,82,7,83,26,24,54
2025-08-14,129,3,47,30,49,75,19,35,14
2025-08-16,130,31,25,15,6,72,79,54,31
2025-08-18,131,5,19,58,59,83,87,10,32
2025-08-19,132,62,81,10,51,77,5,74,58
2025-08-21,133,57,61,49,62,56,86,16,53
2025-08-22,134,7,25,38,39,66,69,17,24
2025-08-23,135,80,5,47,29,40,52,4,61
2025-08-26,136,23,34,63,25,12,41,21,20
2025-08-28,137,67,64,56,59,72,78,51,86
2025-08-29,138,18,22,32,34,52,56,62,45
2025-08-30,139,46,43,62,90,30,73,35,73
2025-09-02,140,60,28,19,16,78,44,9,73
2025-09-04,141,5,45,16,38,83,63,46,83
2025-09-05,142,9,39,47,52,71,82,83,52
2025-09-06,143,75,73,88,76,78,59,57,5
2025-09-09,144,47,71,82,34,90,73,49,52
2025-09-11,145,9,35,74,65,3,11,26,29
2025-09-12,146,29,33,44,52,63,65,19,84
2025-09-13,147,37,31,28,26,35,65,30,5
2025-09-16,148,1,26,12,51,44,90,72,45
2025-09-18,149,46,60,49,65,38,12,2,46
2025-09-19,150,11,16,23,31,49,78,63,13
2025-09-20,151,2,31,15,12,63,71,50,57
2025-09-23,152,1,6,43,59,73,20,58,89
2025-09-25,153,19,36,11,41,65,82,17,15
2025-09-26,154,2,17,23,39,58,82,75,6
2025-09-27,155,25,68,21,27,10,9,54,6
2025-09-30,156,5,74,77,81,8,71,34,70
2025-10-02,157,52,1,42,89,21,39,6,17
2025-10-03,158,2,4,69,75,79,88,12,7
2025-10-04,159,68,54,48,61,87,79,80,45
2025-10-07,160,56,61,40,21,17,79,87,85
2025-10-09,161,54,78,50,38,49,82,90,43
2025-10-10,162,20,38,42,61,81,82,16,80
2025-10-11,163,62,90,28,80,51,55,68,90
2025-10-14,164,86,31,44,9,59,70,37,81
2025-10-16,165,80,44,7,45,58,76,77,13
2025-10-17,166,2,9,10,32,66,77,72,44
2025-10-18,167,82,75,12,13,19,26,50,54
2025-10-21,168,9,14,36,77,4,33,66,15
2025-10-23,169,29,42,7,68,62,73,26,21
2025-10-24,170,5,12,23,31,84,90,68,77
2025-10-25,171,53,58,16,33,89,18,81,59
2025-10-28,172,63,8,25,58,40,54,50,63
2025-10-30,173,39,37,15,56,30,74,43,47
2025-10-31,174,8,30,32,61,67,85,22,9
2025-11-03,175,80,87,85,30,81,56,67,2
2025-11-04,176,5,76,18,44,28,38,23,89
2025-11-06,177,53,51,88,73,9,48,19,43
2025-11-07,178,5,24,32,67,82,88,43,89
2025-11-08,179,33,19,17,35,62,18,80,58
2025-11-11,180,59,37,3,63,84,42,49,64
2025-11-13,181,7,73,90,54,9,17,89,3
2025-11-14,182,26,38,43,46,72,73,45,45
2025-11-15,183,20,23,40,51,55,85,5,80
2025-11-18,184,89,83,85,40,18,54,4,57
2025-11-20,185,5,74,17,15,48,9,65,75
2025-11-21,186,12,14,18,53,84,86,72,35
2025-11-22,187,29,47,2,8,59,65,86,26
2025-11-25,188,43,18,21,20,40,23,52,10
2025-11-27,189,9,28,50,43,88,61,83,62
2025-11-28,190,1,12,20,21,42,58,84,34
2025-11-29,191,29,69,16,8,61,65,17,85
2025-12-02,192,5,28,90,17,70,59,27,66
2025-12-04,193,48,30,60,45,59,12,40,90
2025-12-05,194,10,19,29,30,56,71,76,13
2025-12-06,195,78,82,84,42,38,1,24,71
2025-12-09,196,78,79,65,51,31,8,26,77
2025-12-11,197,14,86,72,81,85,44,80,47
2025-12-12,198,7,21,35,38,64,80,29,87
2025-12-13,199,36,64,2,7,58,5,14,62
2025-12-16,200,24,2,41,35,84,18,44,20
2025-12-18,201,28,63,73,77,7,69,64,14
2025-12-19,202,16,52,60,75,81,88,40,49
2025-12-20,203,50,24,90,89,11,42,36,44
2025-12-22,204,2,14,28,36,78,85,17,11
2025-12-23,205,80,34,16,24,22,18,62,53
2025-12-27,206,74,84,20,41,8,19,45,74
2025-12-29,207,36,38,45,61,79,83,12,52
2025-12-30,208,6,67,9,20,17,60,1,73
2026-01-02,1,56,29,47,33,69,89,16,7
2026-01-03,2,43,30,32,16,76,68,36,58
2026-01-05,3,11,13,17,56,80,84,41,13
2026-01-08,4,88,45,55,53,42,35,66,52
2026-01-09,5,31,33,61,68,71,72,87,18
2026-01-10,6,11,19,24,88,66,82,58,48
2026-01-12,7,1,11,40,73,75,81,70,22
2026-01-13,8,20,56,68,29,72,74,35,50
2026-01-15,9,44,73,49,69,60,85,36,1
2026-01-16,10,14,21,24,52,80,86,57,14
2026-01-17,11,7,3,65,83,41,56,79,82
2026-01-20,12,8,60,72,13,74,25,78,34
2026-01-22,13,56,52,2,57,78,30,59,25
2026-01-23,14,2,6,11,19,88,90,69,52
2026-01-24,15,71,61,68,22,37,55,21,18
2026-01-27,16,31,84,11,27,54,19,38,37
2026-01-29,17,29,80,34,56,30,66,88,11
2026-01-30,18,32,33,39,40,52,86,63,16
2026-01-31,19,33,2,80,6,37,7,11,80
2026-02-03,20,42,11,16,46,41,17,70,57
2026-02-05,21,26,57,27,8,6,90,41,30
2026-02-06,22,6,8,17,31,36,75,90,82
2026-02-07,23,69,81,4,7,12,30,41,67
2026-02-10,24,15,39,63,1,83,29,73,21
2026-02-12,25,52,80,35,5,11,85,66,29
2026-02-13,26,1,52,57,71,76,83,37,3
2026-02-14,27,47,23,5,40,85,80,6,47
2026-02-17,28,45,21,52,42,88,16,58,21
2026-02-19,29,39,76,90,20,40,43,53,53
2026-02-20,30,30,34,41,42,49,83,64,77
2026-02-21,31,66,68,81,60,58,49,75,58
2026-02-24,32,4,87,23,26,45,18,82,29
2026-02-26,33,36,18,67,52,30,72,69,47
2026-02-27,34,10,14,49,55,71,79,80,36
2026-02-28,35,63,14,64,17,33,80,15,27
2026-03-03,36,4,16,42,48,56,68,26,83
2026-03-05,37,7,23,39,62,63,78,22,35
2026-03-06,38,4,17,22,37,50,88,20,2
2026-03-07,39,3,12,18,40,45,69,5,49
2026-03-10,40,8,34,42,47,55,83,4,42
2026-03-12,41,8,24,25,62,63,64,43,54
2026-03-13,42,3,11,13,20,53,61,88,43
2026-03-14,43,3,6,33,63,88,89,18,87
2026-03-17,44,2,13,16,41,53,56,60,6
2026-03-19,45,19,39,45,54,62,89,42,45
2026-03-20,46,14,32,45,51,54,87,61,50
2026-03-21,47,9,26,33,49,51,55,50,4
2026-03-24,48,6,54,60,64,74,87,10,65
2026-03-26,49,24,26,39,69,77,80,82,3
2026-03-27,50,6,22,27,43,58,64,10,74
2026-03-28,51,9,45,62,67,68,81,36,54
2026-03-31,52,1,3,39,46,47,61,25,67
2026-04-02,53,18,24,25,32,36,63,40,80
2026-04-03,54,28,52,53,64,66,72,44,6
2026-04-04,55,8,21,29,46,60,81,42,80
2026-04-07,56,10,16,18,47,50,59,7,60
2026-04-09,57,2,30,38,63,74,84,19,82
2026-04-10,58,3,10,13,17,58,90,32,7
2026-04-11,59,19,28,38,48,77,85,59,57
2026-04-14,60,3,5,20,27,35,66,17,6
2026-04-16,61,9,11,12,38,44,54,60,39
2026-04-17,62,13,27,45,53,57,84,34,63
2026-04-18,63,11,22,28,33,68,77,9,70
2026-04-21,64,18,19,40,43,56,77,6,65
2026-04-23,65,18,24,28,35,56,58,72,57
2026-04-24,66,6,13,33,37,68,82,56,20
2026-04-27,67,40,57,62,64,85,87,23,56
2026-04-28,68,29,42,43,47,57,60,27,30
2026-04-30,69,6,7,15,44,52,58,40,16
2026-05-02,70,7,58,60,79,84,86,2,19
2026-05-04,71,3,14,31,46,61,63,75,24
2026-05-05,72,24,34,45,55,81,87,23,52
2026-05-07,73,1,34,48,66,69,73,75,58
2026-05-08,74,8,16,41,47,51,90,82,69
2026-05-09,75,9,27,30,42,43,62,11,11
2026-05-12,76,2,28,31,57,58,59,5,2
2026-05-14,77,31,56,72,74,84,85,18,34
2026-05-15,78,5,13,17,28,47,68,42,19
2026-05-16,79,7,12,60,69,89,90,59,36
2026-05-19,80,49,57,61,73,79,86,8,36
2026-05-21,81,1,38,57,58,64,81,28,50
2026-05-22,82,5,17,65,71,83,87,50,86
2026-05-23,83,14,29,34,57,59,69,20,16
